-- MySQL dump 10.13  Distrib 8.0.42, for Win64 (x86_64)
--
-- Host: 127.0.0.1    Database: infomaz
-- ------------------------------------------------------
-- Server version	9.3.0

/*!40101 SET @OLD_CHARACTER_SET_CLIENT=@@CHARACTER_SET_CLIENT */;
/*!40101 SET @OLD_CHARACTER_SET_RESULTS=@@CHARACTER_SET_RESULTS */;
/*!40101 SET @OLD_COLLATION_CONNECTION=@@COLLATION_CONNECTION */;
/*!50503 SET NAMES utf8 */;
/*!40103 SET @OLD_TIME_ZONE=@@TIME_ZONE */;
/*!40103 SET TIME_ZONE='+00:00' */;
/*!40014 SET @OLD_UNIQUE_CHECKS=@@UNIQUE_CHECKS, UNIQUE_CHECKS=0 */;
/*!40014 SET @OLD_FOREIGN_KEY_CHECKS=@@FOREIGN_KEY_CHECKS, FOREIGN_KEY_CHECKS=0 */;
/*!40101 SET @OLD_SQL_MODE=@@SQL_MODE, SQL_MODE='NO_AUTO_VALUE_ON_ZERO' */;
/*!40111 SET @OLD_SQL_NOTES=@@SQL_NOTES, SQL_NOTES=0 */;

--
-- Table structure for table `cadastro_clientes`
--

DROP TABLE IF EXISTS `cadastro_clientes`;
/*!40101 SET @saved_cs_client     = @@character_set_client */;
/*!50503 SET character_set_client = utf8mb4 */;
CREATE TABLE `cadastro_clientes` (
  `idCliente` int NOT NULL,
  `nomeCliente` varchar(100) CHARACTER SET utf8mb4 COLLATE utf8mb4_unicode_ci DEFAULT NULL,
  `dataCadastro` date DEFAULT NULL,
  PRIMARY KEY (`idCliente`)
) ENGINE=InnoDB DEFAULT CHARSET=utf8mb4 COLLATE=utf8mb4_unicode_ci;
/*!40101 SET character_set_client = @saved_cs_client */;

--
-- Dumping data for table `cadastro_clientes`
--

LOCK TABLES `cadastro_clientes` WRITE;
/*!40000 ALTER TABLE `cadastro_clientes` DISABLE KEYS */;
INSERT INTO `cadastro_clientes` VALUES (2001,'João Silva Almeida','2022-03-15'),(2002,'Maria Oliveira Santos','2021-05-22'),(2003,'Carlos Eduardo Pereira','2023-01-10'),(2004,'Ana Paula Costa Lima','2020-11-03'),(2005,'Pedro Henrique Souza','2022-07-28'),(2006,'Juliana Martins Rodrigues','2021-09-14'),(2007,'Ricardo Fernandes Gomes','2022-12-05'),(2008,'Amanda Ribeiro Alves','2023-02-19'),(2009,'Marcos Antonio Nogueira','2021-04-30'),(2010,'Patricia Cunha Melo','2020-08-08'),(2011,'Lucas Gabriel Dias','2022-10-25'),(2012,'Fernanda Beatriz Castro','2021-06-17'),(2013,'Roberto Andrade Pinheiro','2023-03-02'),(2014,'Camila Duarte Vasconcelos','2020-05-11'),(2015,'Gustavo Henrique Barros','2022-09-29'),(2016,'Isabela Freitas Monteiro','2021-12-07'),(2017,'Rafael Carvalho Santos','2023-04-20'),(2018,'Larissa Moura Brito','2020-08-13'),(2019,'Bruno Costa Teixeira','2022-01-26'),(2020,'Vanessa Almeida Rocha','2021-07-09'),(2021,'Diego Pereira Lima','2023-10-31'),(2022,'Daniela Soares Campos','2020-02-22'),(2023,'Thiago Nascimento Oliveira','2022-05-18'),(2024,'Beatriz Cunha Xavier','2021-09-04'),(2025,'Leonardo Martins Barbosa','2023-11-15'),(2026,'Tatiane Ferreira Cardoso','2020-03-27'),(2027,'Felipe Augusto Dias','2022-06-10'),(2028,'Laura Mendes Sousa','2021-08-23'),(2029,'André Luiz Rios','2023-12-06'),(2030,'Claudia Regina Moraes','2020-04-19'),(2031,'Eduardo Sampaio Neto','2022-07-02'),(2032,'Renata Bastos Franco','2021-10-14'),(2033,'Rodrigo Pires Albuquerque','2023-01-28'),(2034,'Mariana Torres Lemos','2020-03-11'),(2035,'Alexandre Campos Dutra','2022-06-24'),(2036,'Viviane Castro Neves','2021-09-08'),(2037,'Hugo Leonardo Peixoto','2023-12-21'),(2038,'Silvia Helena Prado','2020-05-03'),(2039,'Paulo Roberto Viana','2022-08-16'),(2040,'Cristina Machado Guimarães','2021-11-29');
/*!40000 ALTER TABLE `cadastro_clientes` ENABLE KEYS */;
UNLOCK TABLES;

--
-- Table structure for table `cadastro_estoque`
--

DROP TABLE IF EXISTS `cadastro_estoque`;
/*!40101 SET @saved_cs_client     = @@character_set_client */;
/*!50503 SET character_set_client = utf8mb4 */;
CREATE TABLE `cadastro_estoque` (
  `idEstoque` int NOT NULL,
  `valorEstoque` decimal(15,2) DEFAULT NULL,
  `qtdEstoque` int DEFAULT NULL,
  `dataEstoque` date DEFAULT NULL,
  `idFornecedor` varchar(10) DEFAULT NULL,
  PRIMARY KEY (`idEstoque`)
) ENGINE=InnoDB DEFAULT CHARSET=utf8mb4 COLLATE=utf8mb4_0900_ai_ci;
/*!40101 SET character_set_client = @saved_cs_client */;

--
-- Dumping data for table `cadastro_estoque`
--

LOCK TABLES `cadastro_estoque` WRITE;
/*!40000 ALTER TABLE `cadastro_estoque` DISABLE KEYS */;
INSERT INTO `cadastro_estoque` VALUES (5001,172.00,50,'2023-03-01','F100'),(5002,124.77,40,'2023-02-15','F105'),(5003,35.98,50,'2023-01-10','F110'),(5004,51.96,50,'2023-04-05','F115'),(5005,34.00,50,'2023-03-20','F120'),(5006,10.39,100,'2023-05-12','F125'),(5007,15.99,100,'2023-06-08','F130'),(5008,27.96,50,'2023-04-22','F135'),(5009,14.00,50,'2023-05-30','F140'),(5010,10.00,50,'2023-03-14','F145'),(5011,16.00,50,'2023-07-07','F150'),(5012,23.96,50,'2023-02-18','F110'),(5013,75.96,50,'2023-01-25','F115'),(5014,7.19,100,'2023-06-03','F120'),(5015,5.20,50,'2023-05-11','F125'),(5016,7.20,50,'2023-04-09','F130'),(5017,8.80,50,'2023-03-27','F135'),(5018,6.00,50,'2023-07-16','F140'),(5019,4.00,50,'2023-08-04','F145'),(5020,4.80,50,'2023-05-13','F150'),(5021,11.60,50,'2023-04-21','F100'),(5022,3.20,50,'2023-03-06','F105'),(5023,17.20,50,'2023-06-19','F110'),(5024,2.40,50,'2023-02-23','F115'),(5025,6.40,50,'2023-05-17','F120'),(5026,3.60,50,'2023-07-28','F125'),(5027,1.60,50,'2023-09-02','F130'),(5028,4.80,50,'2023-08-15','F135'),(5029,3.20,50,'2023-10-10','F140'),(5030,2.00,50,'2023-06-24','F145'),(5031,3.60,50,'2023-11-05','F150'),(5032,2.80,50,'2022-12-12','F100'),(5033,4.00,50,'2023-09-30','F105'),(5034,116.00,50,'2023-08-22','F110'),(5035,996.00,50,'2023-10-14','F115'),(5036,796.00,50,'2023-01-07','F120'),(5037,5.20,50,'2022-11-19','F125'),(5038,14.00,50,'2022-12-26','F130'),(5039,48.00,50,'2023-02-08','F135'),(5040,36.00,50,'2023-07-31','F140');
/*!40000 ALTER TABLE `cadastro_estoque` ENABLE KEYS */;
UNLOCK TABLES;

--
-- Table structure for table `cadastro_fornecedores`
--

DROP TABLE IF EXISTS `cadastro_fornecedores`;
/*!40101 SET @saved_cs_client     = @@character_set_client */;
/*!50503 SET character_set_client = utf8mb4 */;
CREATE TABLE `cadastro_fornecedores` (
  `idFornecedor` varchar(10) CHARACTER SET utf8mb4 COLLATE utf8mb4_unicode_ci NOT NULL,
  `nomeFornecedor` varchar(100) CHARACTER SET utf8mb4 COLLATE utf8mb4_unicode_ci DEFAULT NULL,
  `dataCadastro` date DEFAULT NULL,
  PRIMARY KEY (`idFornecedor`)
) ENGINE=InnoDB DEFAULT CHARSET=utf8mb4 COLLATE=utf8mb4_unicode_ci;
/*!40101 SET character_set_client = @saved_cs_client */;

--
-- Dumping data for table `cadastro_fornecedores`
--

LOCK TABLES `cadastro_fornecedores` WRITE;
/*!40000 ALTER TABLE `cadastro_fornecedores` DISABLE KEYS */;
INSERT INTO `cadastro_fornecedores` VALUES ('F100','Eletrônicos Nacional Ltda','2020-01-15'),('F105','TecnoImport S.A.','2019-03-22'),('F110','Móveis Premium Indústria','2018-11-08'),('F115','DecoraHome Comércio','2021-05-30'),('F120','EletroDom Distribuidora','2019-07-14'),('F125','Ferramentas Gerais & Cia','2020-09-03'),('F130','Acessórios Digital Ltda','2022-02-19'),('F135','Livros Técnicos Editora','2018-04-27'),('F136','Papelaria Criativa S.A.','2021-12-11'),('F140','Gadgets Internacionais','2020-10-05'),('F145','Atacado dos Eletrônicos','2019-06-23'),('F150','Fornecedor Universal','2021-08-17');
/*!40000 ALTER TABLE `cadastro_fornecedores` ENABLE KEYS */;
UNLOCK TABLES;

--
-- Table structure for table `cadastro_produtos`
--

DROP TABLE IF EXISTS `cadastro_produtos`;
/*!40101 SET @saved_cs_client     = @@character_set_client */;
/*!50503 SET character_set_client = utf8mb4 */;
CREATE TABLE `cadastro_produtos` (
  `idProduto` int NOT NULL,
  `idEstoque` int DEFAULT NULL,
  `nomeProduto` varchar(100) CHARACTER SET utf8mb4 COLLATE utf8mb4_unicode_ci DEFAULT NULL,
  `categoria` varchar(50) CHARACTER SET utf8mb4 COLLATE utf8mb4_unicode_ci DEFAULT NULL,
  PRIMARY KEY (`idProduto`),
  KEY `idEstoque` (`idEstoque`),
  CONSTRAINT `fk_produto_estoque` FOREIGN KEY (`idEstoque`) REFERENCES `cadastro_estoque` (`idEstoque`)
) ENGINE=InnoDB DEFAULT CHARSET=utf8mb4 COLLATE=utf8mb4_unicode_ci;
/*!40101 SET character_set_client = @saved_cs_client */;

--
-- Dumping data for table `cadastro_produtos`
--

LOCK TABLES `cadastro_produtos` WRITE;
/*!40000 ALTER TABLE `cadastro_produtos` DISABLE KEYS */;
INSERT INTO `cadastro_produtos` VALUES (1001,5001,'Notebook EliteBook','Eletrônicos'),(1002,5002,'Smartphone Galaxy S23','Eletrônicos'),(1003,5003,'Mesa de Escritório','Móveis'),(1004,5004,'Cadeira Ergonômica','Móveis'),(1005,5005,'Monitor 24\" Full HD\"','Eletrônicos'),(1006,5006,'Teclado Sem Fio','Eletrônicos'),(1007,5007,'Mouse Gamer','Eletrônicos'),(1008,5008,'Impressora Multifuncional','Eletrônicos'),(1009,5009,'HD Externo 1TB','Eletrônicos'),(1010,5010,'Webcam Full HD','Eletrônicos'),(1011,5011,'Headphone Bluetooth','Eletrônicos'),(1012,5012,'Estante em Madeira','Móveis'),(1013,5013,'Armário de Aço','Móveis'),(1014,5014,'Luminária de Mesa','Decoração'),(1015,5015,'Quadro Decorativo','Decoração'),(1016,5016,'Tapete Retangular','Decoração'),(1017,5017,'Cafeteira Elétrica','Eletrodomésticos'),(1018,5018,'Ventilador de Mesa','Eletrodomésticos'),(1019,5019,'Liquidificador','Eletrodomésticos'),(1020,5020,'Ferro de Passar','Eletrodomésticos'),(1021,5021,'Furadeira 12V','Ferramentas'),(1022,5022,'Jogo de Chaves','Ferramentas'),(1023,5023,'Serra Elétrica','Ferramentas'),(1024,5024,'Kit Pincéis','Ferramentas'),(1025,5025,'Mochila para Notebook','Acessórios'),(1026,5026,'Suporte para Monitor','Acessórios'),(1027,5027,'Organizador de Cabos','Acessórios'),(1028,5028,'Carregador Portátil','Acessórios'),(1029,5029,'Fone de Ouvido com Fio','Acessórios'),(1030,5030,'Adaptador USB-C','Acessórios'),(1031,5031,'Livro: Gestão de Projetos','Livros'),(1032,5032,'Livro: Marketing Digital','Livros'),(1033,5033,'Livro: Python para Iniciantes','Livros'),(1034,5034,'Caneta Esferográfica','Papelaria'),(1035,5035,'Caderno Universitário','Papelaria'),(1036,5036,'Grampeador','Papelaria'),(1037,5037,'Calculadora Financeira','Papelaria'),(1038,5038,'Roteador Wi-Fi 5G','Eletrônicos'),(1039,5039,'Tablet 10\"\"','Eletrônicos'),(1040,5040,'Smartwatch','Eletrônicos');
/*!40000 ALTER TABLE `cadastro_produtos` ENABLE KEYS */;
UNLOCK TABLES;

--
-- Table structure for table `transacoes_vendas`
--

DROP TABLE IF EXISTS `transacoes_vendas`;
/*!40101 SET @saved_cs_client     = @@character_set_client */;
/*!50503 SET character_set_client = utf8mb4 */;
CREATE TABLE `transacoes_vendas` (
  `idNota` int DEFAULT NULL,
  `dataNota` date DEFAULT NULL,
  `valorNota` decimal(15,2) DEFAULT NULL,
  `valorItem` decimal(15,2) DEFAULT NULL,
  `qtdItem` int DEFAULT NULL,
  `idProduto` int DEFAULT NULL,
  `idCliente` int DEFAULT NULL,
  KEY `fk_venda_produto` (`idProduto`),
  KEY `fk_venda_cliente` (`idCliente`),
  CONSTRAINT `fk_venda_cliente` FOREIGN KEY (`idCliente`) REFERENCES `cadastro_clientes` (`idCliente`),
  CONSTRAINT `fk_venda_produto` FOREIGN KEY (`idProduto`) REFERENCES `cadastro_produtos` (`idProduto`)
) ENGINE=InnoDB DEFAULT CHARSET=utf8mb4 COLLATE=utf8mb4_0900_ai_ci;
/*!40101 SET character_set_client = @saved_cs_client */;

--
-- Dumping data for table `transacoes_vendas`
--

LOCK TABLES `transacoes_vendas` WRITE;
/*!40000 ALTER TABLE `transacoes_vendas` DISABLE KEYS */;
INSERT INTO `transacoes_vendas` VALUES (3001,'2023-03-05',4.30,4.30,1,1001,2015),(3002,'2023-03-12',5.80,3.90,1,1002,2003),(3002,'2023-03-12',5.80,1.90,1,1013,2003),(3003,'2023-03-18',1.03,129.00,1,1006,2028),(3003,'2023-03-18',1.03,899.00,1,1003,2028),(3004,'2023-03-22',2.40,1.30,2,1004,2011),(3005,'2023-03-25',849.00,849.00,1,1005,2030),(3006,'2023-03-28',1.05,349.00,3,1009,2007),(3007,'2023-04-02',3.90,3.90,1,1002,2025),(3008,'2023-04-07',2.60,1.30,2,1004,2019),(3009,'2023-04-10',1.20,1.20,1,1039,2033),(3010,'2023-04-15',1.77,849.00,1,1005,2005),(3010,'2023-04-15',1.77,899.00,1,1003,2005),(3010,'2023-04-15',1.77,19.00,1,1036,2005),(3011,'2023-04-18',399.00,399.00,1,1011,2020),(3012,'2023-04-20',2.70,899.00,3,1003,2017),(3013,'2023-04-25',1.13,129.00,1,1006,2036),(3013,'2023-04-25',1.13,999.00,1,1033,2036),(3014,'2023-04-28',4.30,4.30,1,1001,2022),(3015,'2023-05-03',1.05,349.00,3,1009,2014),(3016,'2023-05-08',899.00,899.00,1,1012,2009),(3017,'2023-05-12',1.94,1.30,1,1004,2035),(3017,'2023-05-12',1.94,639.00,1,1023,2035),(3018,'2023-05-16',3.90,3.90,1,1002,2027),(3019,'2023-05-20',1.77,899.00,1,1003,2001),(3019,'2023-05-20',1.77,849.00,1,1005,2001),(3019,'2023-05-20',1.77,19.00,1,1036,2001),(3020,'2023-05-24',1.20,1.20,1,1039,2010),(3021,'2023-05-27',2.40,1.30,2,1004,2031),(3022,'2023-06-01',1.05,349.00,3,1009,2018),(3023,'2023-06-05',1.94,1.30,1,1004,2006),(3023,'2023-06-05',1.94,639.00,1,1023,2006),(3024,'2023-06-09',1.13,129.00,1,1006,2024),(3024,'2023-06-09',1.13,999.00,1,1033,2024),(3025,'2023-06-12',1.77,899.00,1,1003,2037),(3025,'2023-06-12',1.77,849.00,1,1005,2037),(3025,'2023-06-12',1.77,19.00,1,1036,2037),(3026,'2023-06-15',1.05,349.00,3,1009,2004),(3027,'2023-06-18',899.00,899.00,1,1012,2029),(3028,'2023-06-22',2.70,899.00,3,1003,2013),(3029,'2023-06-25',1.20,1.20,1,1039,2039),(3030,'2023-06-29',1.94,1.30,1,1004,2008),(3030,'2023-06-29',1.94,639.00,1,1023,2008),(3031,'2023-07-03',1.77,899.00,1,1003,2021),(3031,'2023-07-03',1.77,849.00,1,1005,2021),(3031,'2023-07-03',1.77,19.00,1,1036,2021),(3032,'2023-07-07',1.05,349.00,3,1009,2016),(3033,'2023-07-10',1.13,129.00,1,1006,2034),(3033,'2023-07-10',1.13,999.00,1,1033,2034),(3034,'2023-07-14',2.40,1.30,2,1004,2002),(3035,'2023-07-17',1.20,1.20,1,1039,2038),(3036,'2023-07-21',1.94,1.30,1,1004,2012),(3036,'2023-07-21',1.94,639.00,1,1023,2012),(3037,'2023-07-25',1.77,899.00,1,1003,2026),(3037,'2023-07-25',1.77,849.00,1,1005,2026),(3037,'2023-07-25',1.77,19.00,1,1036,2026),(3038,'2023-07-28',1.05,349.00,3,1009,2023),(3039,'2023-08-01',899.00,899.00,1,1012,2032),(3040,'2023-08-04',2.70,899.00,3,1003,2007),(3041,'2023-08-08',1.20,1.20,1,1039,2017),(3042,'2023-08-11',1.94,1.30,1,1004,2020),(3042,'2023-08-11',1.94,639.00,1,1023,2020),(3043,'2023-08-15',1.77,899.00,1,1003,2024),(3043,'2023-08-15',1.77,849.00,1,1005,2024),(3043,'2023-08-15',1.77,19.00,1,1036,2024),(3044,'2023-08-18',1.05,349.00,3,1009,2027),(3045,'2023-08-22',1.13,129.00,1,1006,2030),(3045,'2023-08-22',1.13,999.00,1,1033,2030),(3046,'2023-08-25',2.40,1.30,2,1004,2005),(3047,'2023-08-29',1.20,1.20,1,1039,2019),(3048,'2023-09-02',1.94,1.30,1,1004,2022),(3048,'2023-09-02',1.94,639.00,1,1023,2022),(3049,'2023-09-05',1.77,899.00,1,1003,2025),(3049,'2023-09-05',1.77,849.00,1,1005,2025),(3049,'2023-09-05',1.77,19.00,1,1036,2025),(3050,'2023-09-09',1.05,349.00,3,1009,2028),(3051,'2023-09-13',1.94,1.30,1,1004,2036),(3051,'2023-09-13',1.94,639.00,1,1023,2036),(3052,'2023-09-16',1.77,899.00,1,1003,2009),(3052,'2023-09-16',1.77,849.00,1,1005,2009),(3052,'2023-09-16',1.77,19.00,1,1036,2009),(3053,'2023-09-20',1.05,349.00,3,1009,2014),(3054,'2023-09-23',1.13,129.00,1,1006,2021),(3054,'2023-09-23',1.13,999.00,1,1033,2021),(3055,'2023-09-27',2.40,1.30,2,1004,2003),(3056,'2023-09-30',1.20,1.20,1,1039,2035),(3057,'2023-10-04',1.94,1.30,1,1004,2018),(3057,'2023-10-04',1.94,639.00,1,1023,2018),(3058,'2023-10-07',1.77,899.00,1,1003,2027),(3058,'2023-10-07',1.77,849.00,1,1005,2027),(3058,'2023-10-07',1.77,19.00,1,1036,2027),(3059,'2023-10-11',1.05,349.00,3,1009,2030),(3060,'2023-10-14',899.00,899.00,1,1012,2006),(3061,'2023-10-18',2.70,899.00,3,1003,2011),(3062,'2023-10-21',1.20,1.20,1,1039,2024),(3063,'2023-10-25',1.94,1.30,1,1004,2033),(3063,'2023-10-25',1.94,639.00,1,1023,2033),(3064,'2023-10-28',1.77,899.00,1,1003,2008),(3064,'2023-10-28',1.77,849.00,1,1005,2008),(3064,'2023-10-28',1.77,19.00,1,1036,2008),(3065,'2023-11-01',1.05,349.00,3,1009,2017),(3066,'2023-11-04',1.13,129.00,1,1006,2029),(3066,'2023-11-04',1.13,999.00,1,1033,2029),(3067,'2023-11-08',2.40,1.30,2,1004,2012),(3068,'2023-11-11',1.20,1.20,1,1039,2038),(3069,'2023-11-15',1.94,1.30,1,1004,2005),(3069,'2023-11-15',1.94,639.00,1,1023,2005),(3070,'2023-11-18',1.77,899.00,1,1003,2020),(3070,'2023-11-18',1.77,849.00,1,1005,2020),(3070,'2023-11-18',1.77,19.00,1,1036,2020),(3071,'2023-11-22',1.05,349.00,3,1009,2023),(3072,'2023-11-25',899.00,899.00,1,1012,2036),(3073,'2023-11-29',2.70,899.00,3,1003,2001),(3074,'2023-12-02',1.20,1.20,1,1039,2019),(3075,'2023-12-06',1.94,1.30,1,1004,2026),(3076,'2023-12-09',1.77,899.00,1,1003,2031),(3076,'2023-12-09',1.77,849.00,1,1005,2031),(3076,'2023-12-09',1.77,19.00,1,1036,2031),(3077,'2023-12-13',1.05,349.00,3,1009,2015),(3078,'2023-12-16',1.13,129.00,1,1006,2037),(3078,'2023-12-16',1.13,999.00,1,1033,2037),(3079,'2023-12-20',2.40,1.30,2,1004,2004),(3080,'2023-12-23',1.20,1.20,1,1039,2022),(3081,'2023-12-27',1.94,1.30,1,1004,2028),(3081,'2023-12-27',1.94,639.00,1,1023,2028),(3082,'2023-12-30',1.77,899.00,1,1003,2007),(3082,'2023-12-30',1.77,849.00,1,1005,2007),(3082,'2023-12-30',1.77,19.00,1,1036,2007),(3083,'2024-01-03',1.05,349.00,3,1009,2010),(3084,'2024-01-06',899.00,899.00,1,1012,2034),(3085,'2024-01-10',2.70,899.00,3,1003,2013),(3086,'2024-01-13',1.20,1.20,1,1039,2039),(3087,'2024-01-17',1.94,1.30,1,1004,2002),(3087,'2024-01-17',1.94,639.00,1,1023,2002),(3088,'2024-01-20',1.77,899.00,1,1003,2025),(3088,'2024-01-20',1.77,849.00,1,1005,2025),(3088,'2024-01-20',1.77,19.00,1,1036,2025),(3089,'2024-01-24',1.05,349.00,3,1009,2016),(3090,'2024-01-27',1.13,129.00,1,1006,2032),(3090,'2024-01-27',1.13,999.00,1,1033,2032),(3091,'2024-01-31',2.40,1.30,2,1004,2009),(3092,'2024-02-03',1.20,1.20,1,1039,2021),(3093,'2024-02-07',1.94,1.30,1,1004,2030),(3093,'2024-02-07',1.94,639.00,1,1023,2030),(3094,'2024-02-10',1.77,899.00,1,1003,2017),(3094,'2024-02-10',1.77,849.00,1,1005,2017),(3094,'2024-02-10',1.77,19.00,1,1036,2017),(3095,'2024-02-14',1.05,349.00,3,1009,2020),(3096,'2024-02-17',899.00,899.00,1,1012,2003),(3097,'2024-02-21',2.70,899.00,3,1003,2029),(3098,'2024-02-24',1.20,1.20,1,1039,2018),(3099,'2024-02-28',1.94,1.30,1,1004,2031),(3099,'2024-02-28',1.94,639.00,1,1023,2031),(3100,'2024-03-02',1.77,899.00,1,1003,2006),(3100,'2024-03-02',1.77,849.00,1,1005,2006),(3100,'2024-03-02',1.77,19.00,1,1036,2006),(3101,'2024-03-05',1.05,349.00,3,1009,2011),(3102,'2024-03-08',1.13,129.00,1,1006,2024),(3102,'2024-03-08',1.13,999.00,1,1033,2024),(3103,'2024-03-12',2.40,1.30,2,1004,2015),(3104,'2024-03-15',1.20,1.20,1,1039,2036),(3105,'2024-03-19',1.94,1.30,1,1004,2008),(3105,'2024-03-19',1.94,639.00,1,1023,2008),(3106,'2024-03-22',1.77,899.00,1,1003,2023),(3106,'2024-03-22',1.77,849.00,1,1005,2023),(3106,'2024-03-22',1.77,19.00,1,1036,2023),(3107,'2024-03-26',1.05,349.00,3,1009,2026),(3108,'2024-03-29',899.00,899.00,1,1012,2039),(3109,'2024-04-02',2.70,899.00,3,1003,2002),(3110,'2024-04-05',1.20,1.20,1,1039,2014),(3111,'2024-04-09',1.94,1.30,1,1004,2027),(3111,'2024-04-09',1.94,639.00,1,1023,2027),(3112,'2024-04-12',1.77,899.00,1,1003,2030),(3112,'2024-04-12',1.77,849.00,1,1005,2030),(3112,'2024-04-12',1.77,19.00,1,1036,2030),(3113,'2024-04-16',1.05,349.00,3,1009,2005),(3114,'2024-04-19',1.13,129.00,1,1006,2035),(3114,'2024-04-19',1.13,999.00,1,1033,2035),(3115,'2024-04-23',2.40,1.30,2,1004,2018),(3116,'2024-04-26',1.20,1.20,1,1039,2029),(3117,'2024-04-30',1.94,1.30,1,1004,2001),(3117,'2024-04-30',1.94,639.00,1,1023,2001),(3118,'2024-05-03',1.77,899.00,1,1003,2020),(3118,'2024-05-03',1.77,849.00,1,1005,2020),(3118,'2024-05-03',1.77,19.00,1,1036,2020),(3119,'2024-05-07',1.05,349.00,3,1009,2033),(3120,'2024-05-10',899.00,899.00,1,1012,2007),(3121,'2024-05-14',2.70,899.00,3,1003,2016),(3122,'2024-05-17',1.20,1.20,1,1039,2038),(3123,'2024-05-21',1.94,1.30,1,1004,2021),(3123,'2024-05-21',1.94,639.00,1,1023,2021),(3124,'2024-05-24',1.77,899.00,1,1003,2004),(3124,'2024-05-24',1.77,849.00,1,1005,2004),(3124,'2024-05-24',1.77,19.00,1,1036,2004),(3125,'2024-05-28',1.05,349.00,3,1009,2019),(3126,'2024-05-31',1.13,129.00,1,1006,2032),(3126,'2024-05-31',1.13,999.00,1,1033,2032),(3127,'2024-06-04',2.40,1.30,2,1004,2009),(3128,'2024-06-07',1.20,1.20,1,1039,2025),(3129,'2024-06-11',1.94,1.30,1,1004,2037),(3129,'2024-06-11',1.94,639.00,1,1023,2037),(3130,'2024-06-14',1.77,899.00,1,1003,2010),(3130,'2024-06-14',1.77,849.00,1,1005,2010),(3130,'2024-06-14',1.77,19.00,1,1036,2010),(3131,'2024-06-18',1.05,349.00,3,1009,2028),(3132,'2024-06-21',899.00,899.00,1,1012,2003),(3133,'2024-06-25',2.70,899.00,3,1003,2017),(3134,'2024-06-28',1.20,1.20,1,1039,2034),(3135,'2024-07-02',1.94,1.30,1,1004,2022),(3135,'2024-07-02',1.94,639.00,1,1023,2022),(3136,'2024-07-05',1.77,899.00,1,1003,2006),(3136,'2024-07-05',1.77,849.00,1,1005,2006),(3136,'2024-07-05',1.77,19.00,1,1036,2006),(3137,'2024-07-09',1.05,349.00,3,1009,2031),(3138,'2024-07-12',1.13,129.00,1,1006,2013),(3138,'2024-07-12',1.13,999.00,1,1033,2013),(3139,'2024-07-16',2.40,1.30,2,1004,2012),(3140,'2024-07-19',1.20,1.20,1,1039,2027),(3141,'2024-07-23',1.94,1.30,1,1004,2030),(3141,'2024-07-23',1.94,639.00,1,1023,2030),(3142,'2024-07-26',1.77,899.00,1,1003,2008),(3142,'2024-07-26',1.77,849.00,1,1005,2008),(3142,'2024-07-26',1.77,19.00,1,1036,2008),(3143,'2024-07-30',1.05,349.00,3,1009,2015),(3144,'2024-08-02',899.00,899.00,1,1012,2024),(3145,'2024-08-06',2.70,899.00,3,1003,2011),(3146,'2024-08-09',1.20,1.20,1,1039,2036),(3147,'2024-08-13',1.94,1.30,1,1004,2007),(3147,'2024-08-13',1.94,639.00,1,1023,2007),(3148,'2024-08-16',1.77,899.00,1,1003,2029),(3148,'2024-08-16',1.77,849.00,1,1005,2029),(3148,'2024-08-16',1.77,19.00,1,1036,2029),(3149,'2024-08-20',1.05,349.00,3,1009,2018),(3150,'2024-08-23',1.13,129.00,1,1006,2033),(3150,'2024-08-23',1.13,999.00,1,1033,2033);
/*!40000 ALTER TABLE `transacoes_vendas` ENABLE KEYS */;
UNLOCK TABLES;
/*!40103 SET TIME_ZONE=@OLD_TIME_ZONE */;

/*!40101 SET SQL_MODE=@OLD_SQL_MODE */;
/*!40014 SET FOREIGN_KEY_CHECKS=@OLD_FOREIGN_KEY_CHECKS */;
/*!40014 SET UNIQUE_CHECKS=@OLD_UNIQUE_CHECKS */;
/*!40101 SET CHARACTER_SET_CLIENT=@OLD_CHARACTER_SET_CLIENT */;
/*!40101 SET CHARACTER_SET_RESULTS=@OLD_CHARACTER_SET_RESULTS */;
/*!40101 SET COLLATION_CONNECTION=@OLD_COLLATION_CONNECTION */;
/*!40111 SET SQL_NOTES=@OLD_SQL_NOTES */;

-- Dump completed on 2025-05-16 14:46:22
